Index,keyword,drugstore_site,product_title,product_desc,price,date_and_time_starts,date_and_time_ends
1,""+ keyword +"","" + drugstore_site + "",""+ product_title +"",""+ product_desc +"",NULL,""+ date_and_time_starts + "",""+ 
        date_and_time_ends + ""
2,enterogermina,"Farmacias del Ahorro","No se encontro dato","No se encontro dato"," 327.00","05/07/2020 02:36:14","05/07/2020 02:36:55"
3,sedalmerck,"Farmacias del Ahorro","No se encontro dato","No se encontro dato"," 80.00","05/07/2020 03:32:03","05/07/2020 03:32:36"
4,"aspirina advance","Farmacias del Ahorro"," Aspirina Advanced Analgésico 20 Tabletas"," Aspirina Advanced Analgésico Acido Acetilsalicílico 500mg 20 Tabletas",NULL,"05/07/2020 03:54:19","05/07/2020 03:55:05"
5,"aspirina advance","Farmacias del Ahorro"," Aspirina Advanced Analgésico 20 Tabletas"," Aspirina Advanced Analgésico Acido Acetilsalicílico 500mg 20 Tabletas"," 45.00","05/07/2020 03:58:02","05/07/2020 03:58:43"
6,azitrocin,"Farmacias del Ahorro"," Azitrocin 500 Mg. Oral 3 Tabletas "," Azitrocin 500 Mg. Oral 3 Tabletas"," 559.50","05/07/2020 04:38:45","05/07/2020 04:39:28"
7,genoprazol,"Farmacias del Ahorro"," Genoprazol Exceso 20 Mg 14 Capsulas"," Síntomas relacionados con los trastornos ácido-pépticos."," 34.90","05/07/2020 04:43:45","05/07/2020 04:44:27"
8,olanzapina,"Farmacias del Ahorro"," Marca Del Ahorro Olanzapina 10 Mg Oral 14 Tabletas"," Farmacias del Ahorro olanzapina 10 mg oral 14 tabletas"," 378.00","05/07/2020 04:51:00","05/07/2020 04:51:45"
9,azitrocin,"Farmacias San Pablo"," AZITROCIN 3 TABLETAS CAJA"," Azitromicina 500 MG"," 533.00","05/07/2020 05:00:58","05/07/2020 05:01:49"
10,contumax,Chedraui," Contumax Pvo 255 G"," Contumax Pvo 255 G"," 305.00","05/07/2020 05:10:00","05/07/2020 05:10:43"
11,aspirina,Sanborns," No se encontro dato"," No se encontro dato",NULL,"05/07/2020 05:20:27","05/07/2020 05:20:47"
12,carbamazepina,"Farmacias Similares"," CARBAMAZEPINA TABLETAS"," Presentación: 20 TABLETAS",NULL,"05/07/2020 05:33:49","05/07/2020 05:35:02"
13,epival,"Farmacias Guadalajara","No se encontro dato","No se encontro dato"," NULL","05/07/2020 05:44:20","05/07/2020 05:42:47"
14,epival,"Farmacias Guadalajara","Epival 500mg 30 Tabletas","Epival 500mg 30 Tabletas"," NULL","05/07/2020 05:46:09","05/07/2020 05:46:51"
16,epival,"Farmacias Guadalajara","Epival 500mg 30 Tabletas","Epival 500mg 30 Tabletas"," 1122.20","05/07/2020 05:54:47","05/07/2020 05:55:33"
17,singular,"Farmacias Benavides"," No se encontro dato"," No se encontro dato"," NULL","05/07/2020 06:14:25","05/07/2020 06:15:00"
18,aspirina,Sanborns," No se encontro dato"," No se encontro dato",NULL,"05/07/2020 06:20:42","05/07/2020 06:21:29"
19,aspirina,Sanborns," No se encontro dato"," No se encontro dato",NULL,"05/07/2020 06:29:09","05/07/2020 06:29:44"
20,oximetro,Sanborns," Aspirina Advanced"," Ideal para el tratamiento en situaciones clínicas en las cuales se presenta dolor moderado a severo, o que cursen asociados con inflamación tales como: Lumbalgias, mialgias, odontalgias, migrañas, articulares, dolor post quirúrgico, dolores menstruales y antipirético.","  51 ","05/07/2020 07:01:08","05/07/2020 07:03:19"
21,oximetro,Sanborns," No se encontro dato"," No se encontro dato"," NULL","05/07/2020 07:10:18","05/07/2020 07:11:15"
22,oximetro,Sanborns," Oxímetro De Pulso Choicemmed"," Equipo para medir la saturación del oxígeno en la sangre y las pulsaciones del corazón a través del dedo. SpO2 y Pulso pueden mostrarse correctamente en condiciones de perfusión baja. Se puede utilizar en la Casa, Hospital, Clínicas, Cirugías, Cuidados Intensivos, Rehabilitación deportiva, odontología, antes o después de realizar Deporte. Características: Fácil acceso y fácil funcionamiento con solo un botón. Pequeño y Liviano. Gran sensibilidad y exactitud. Display de SpO2, PR, y Barra de Pulso. Bajo consumo de energía. Hasta 30 horas de uso continuo. Alarma visual para batería baja. Apagado automático si no hay señal. Rango de uso: Desde 8 años en adelante aproximadamente. Incluye: Dos pilas tipo AAA. Manual de operaciones, Correa de transporte, Bolso de transporte y funda de silicona Rango de medición SpO2: 70-99% Rango de medición PR: 30-235 BPM Resolución: Saturación +-1%; pulso +-1 BPM Saturación: 70%-99% +-2%; Pulso: 30-99 bpm +-2 bpm; 100-235 +-2 % Aprobado por FDA y CE.pm","  1085 ","05/07/2020 07:24:06","05/07/2020 07:24:50"
23,alcohol,"Farmacias del Ahorro"," CUTEX ALCOHOL EN GEL PARA MANOS 130 Ml"," CUTEX ALCOHOL EN GEL PARA MANOS 130 ml"," 34.00","05/07/2020 08:00:57","05/07/2020 08:01:48"
24,alcohol,"Farmacias San Pablo"," MIYAKO ALCOHOL DESNATURALIZADO"," 500 ML Botella"," 49.00 ","05/07/2020 08:02:38","05/07/2020 08:03:27"
25,alcohol,Chedraui," Alcohol Black Diamond 250Ml Gel"," Alcohol Black Diamon De Fuegos Alcohol Gel 250 Ml"," 37.00","05/07/2020 08:04:53","05/07/2020 08:05:43"
26,oximetro,Sanborns," Oxímetro De Pulso Choicemmed"," Equipo para medir la saturación del oxígeno en la sangre y las pulsaciones del corazón a través del dedo. SpO2 y Pulso pueden mostrarse correctamente en condiciones de perfusión baja. Se puede utilizar en la Casa, Hospital, Clínicas, Cirugías, Cuidados Intensivos, Rehabilitación deportiva, odontología, antes o después de realizar Deporte. Características: Fácil acceso y fácil funcionamiento con solo un botón. Pequeño y Liviano. Gran sensibilidad y exactitud. Display de SpO2, PR, y Barra de Pulso. Bajo consumo de energía. Hasta 30 horas de uso continuo. Alarma visual para batería baja. Apagado automático si no hay señal. Rango de uso: Desde 8 años en adelante aproximadamente. Incluye: Dos pilas tipo AAA. Manual de operaciones, Correa de transporte, Bolso de transporte y funda de silicona Rango de medición SpO2: 70-99% Rango de medición PR: 30-235 BPM Resolución: Saturación +-1%; pulso +-1 BPM Saturación: 70%-99% +-2%; Pulso: 30-99 bpm +-2 bpm; 100-235 +-2 % Aprobado por FDA y CE.pm","  1085 .00","05/07/2020 08:06:40","05/07/2020 08:07:56"
27,carbamazepina,"Farmacias Similares"," No se encontro dato"," No se encontro dato",NULL,"05/07/2020 08:08:36","05/07/2020 08:09:44"
28,epival,"Farmacias Guadalajara","Epival 500mg 30 Tabletas","Epival 500mg 30 Tabletas"," 1122.20","05/07/2020 08:10:32","05/07/2020 08:11:27"
29,singular,"Farmacias Benavides"," No se encontro dato"," No se encontro dato"," NULL","05/07/2020 08:12:23","05/07/2020 08:12:38"
30,"jabón en barra","Farmacias del Ahorro"," No se encontro dato"," No se encontro dato",NULL,"05/07/2020 08:13:22","05/07/2020 08:14:07"
31,alcohol,"Farmacias del Ahorro"," CUTEX ALCOHOL EN GEL PARA MANOS 130 Ml"," CUTEX ALCOHOL EN GEL PARA MANOS 130 ml"," 34.00","05/07/2020 08:20:08","05/07/2020 08:20:42"
32,alcohol,"Farmacias San Pablo"," MIYAKO ALCOHOL DESNATURALIZADO"," 500 ML Botella"," 49.00 ","05/07/2020 08:21:39","05/07/2020 08:22:22"
33,alcohol,Chedraui," Alcohol Black Diamond 250Ml Gel"," Alcohol Black Diamon De Fuegos Alcohol Gel 250 Ml"," 37.00","05/07/2020 08:23:22","05/07/2020 08:24:15"
34,alcohol,Sanborns," El alcohol y la nostalgia"," Una historia de amor entre tres amigos ambientada en los dudosos escenarios de las primeras décadas de la URSS. «En la vida hay manos que uno no deja jamás, que uno quisiera sostener hasta el final, hasta que acabara el trayecto; también hay trenes cuyo ritmo te embriaga como el más fuerte y más nostálgico de los alcoholes.» Mathias Enard Una llamada en plena noche interrumpe el sueño de Mathias. Es Jeanne, que le informa de la muerte de Vladímir. Esa misma noche, Mathias parte hacia Moscú para","  129 .00","05/07/2020 08:25:26","05/07/2020 08:26:13"
35,carbamazepina,"Farmacias Similares"," CARBAMAZEPINA TABLETAS"," Presentación: 20 TABLETAS",NULL,"05/07/2020 08:26:50","05/07/2020 08:27:53"
36,alcohol,"Farmacias Guadalajara","No se encontro dato","No se encontro dato"," NULL","05/07/2020 08:28:28","05/07/2020 08:28:58"
37,alcohol,"Farmacias Benavides"," No se encontro dato"," No se encontro dato"," NULL","05/07/2020 08:29:53","05/07/2020 08:30:22"
38,"jabón en barra","Farmacias del Ahorro"," Jabon En Barra Dove Leche De Coco 135 Gr"," Disfruta de los efectos de humectantes y suavizantes de nuestra deliciosa Barra de Belleza DOVE Coconut Milk."," 38.00","05/07/2020 08:30:56","05/07/2020 08:31:30"
39,"jabón en barra","Farmacias San Pablo"," HUGGIES JABÓN EN BARRA HIPOALERGÉNICO CUIDADO RELAJANTE"," 80 G Caja"," 17.00 ","05/07/2020 08:32:26","05/07/2020 08:33:21"
40,"jabón en barra",Chedraui," Jabón en Barra Líquido Pinol 1 L"," Jabón en Barra Líquido Pinol 1 L"," 18.50","05/07/2020 08:34:20","05/07/2020 08:35:01"
41,"jabón en barra",Sanborns," Mustela Jabón en barra Facial y Corporal para Piel Normal de 100gr"," Jabón en Barra Nutriprotector al Cold Cream para cara y cuerpo que nutre la piel, compensando los efectos desecantes del baño.","  61 .00","05/07/2020 08:36:12","05/07/2020 08:36:58"
42,carbamazepina,"Farmacias Similares"," No se encontro dato"," No se encontro dato",NULL,"05/07/2020 08:37:37","05/07/2020 08:38:42"
43,"jabón en barra","Farmacias Guadalajara","No se encontro dato","No se encontro dato"," NULL","05/07/2020 08:39:22","05/07/2020 08:39:46"
44,"jabón en barra","Farmacias Benavides"," No se encontro dato"," No se encontro dato"," NULL","05/07/2020 08:40:20","05/07/2020 08:40:50"
45,antibacterial,"Farmacias del Ahorro"," G AHORRO GEL ANTIBACTERIAL 60 ML"," GEL ANTIBACTERIAL"," 11.00","05/07/2020 08:41:23","05/07/2020 08:42:01"
46,antibacterial,"Farmacias San Pablo"," No se encontro dato"," No se encontro dato"," NULL","05/07/2020 08:42:51","05/07/2020 08:43:25"
47,antibacterial,Chedraui," Fibra Virutex Spunita Antibacterial"," Fibra Virutex Spunita Antibacterial"," 18.70","05/07/2020 08:44:21","05/07/2020 08:45:04"
48,antibacterial,Sanborns," Walfort Spray Antibacterial 150ml"," Walfort Spray Antibacterial 150ml.","  110 .00","05/07/2020 08:46:04","05/07/2020 08:47:05"
49,carbamazepina,"Farmacias Similares"," No se encontro dato"," No se encontro dato",NULL,"05/07/2020 08:47:43","05/07/2020 08:48:47"
50,antibacterial,"Farmacias Guadalajara","No se encontro dato","No se encontro dato"," NULL","05/07/2020 08:49:22","05/07/2020 08:49:45"
51,antibacterial,"Farmacias Benavides"," No se encontro dato"," No se encontro dato"," NULL","05/07/2020 08:50:22","05/07/2020 08:50:52"
52,singulair,"Farmacias del Ahorro"," Singulair 10 Mg. Oral 30"," Singulair 10 Mg. Oral 30"," 1265.00","05/07/2020 08:51:28","05/07/2020 08:52:07"
53,singulair,"Farmacias San Pablo"," SINGULAIR 30 COMPRIMIDOS CAJA"," Montelukast 10 MG"," 1272.00 ","05/07/2020 08:52:57","05/07/2020 08:53:38"
54,singulair,Chedraui," Singulair 10Mg X 30 Tabs"," Singulair 10 Mg 30 Tab"," 1010.00","05/07/2020 08:54:35","05/07/2020 08:55:13"
55,singulair,Sanborns," No se encontro dato"," No se encontro dato",NULL,"05/07/2020 08:55:39","05/07/2020 09:12:48"
56,alcohol,"Farmacias del Ahorro"," CUTEX ALCOHOL EN GEL PARA MANOS 130 Ml"," CUTEX ALCOHOL EN GEL PARA MANOS 130 ml"," 34.00","05/07/2020 09:16:27","05/07/2020 09:17:00"
57,alcohol,"Farmacias San Pablo"," MIYAKO ALCOHOL DESNATURALIZADO"," 500 ML Botella"," 49.00 ","05/07/2020 09:17:56","05/07/2020 09:20:23"
58,alcohol,Chedraui," Alcohol Black Diamond 250Ml Gel"," Alcohol Black Diamon De Fuegos Alcohol Gel 250 Ml"," 37.00","05/07/2020 09:21:30","05/07/2020 09:22:17"
59,alcohol,Sanborns," El alcohol y la nostalgia"," Una historia de amor entre tres amigos ambientada en los dudosos escenarios de las primeras décadas de la URSS. «En la vida hay manos que uno no deja jamás, que uno quisiera sostener hasta el final, hasta que acabara el trayecto; también hay trenes cuyo ritmo te embriaga como el más fuerte y más nostálgico de los alcoholes.» Mathias Enard Una llamada en plena noche interrumpe el sueño de Mathias. Es Jeanne, que le informa de la muerte de Vladímir. Esa misma noche, Mathias parte hacia Moscú para",129.00,"05/07/2020 09:23:20","05/07/2020 09:24:04"
60,carbamazepina,"Farmacias Similares"," No se encontro dato"," No se encontro dato",NULL,"05/07/2020 09:24:42","05/07/2020 09:25:46"
61,alcohol,"Farmacias Guadalajara","Alcohol Dalux Etílico Desnaturalizado 70° Azul 500ml","Alcohol Dalux Etílico Desnaturalizado 70° Azul 500ml"," 43.20","05/07/2020 09:26:24","05/07/2020 09:27:08"
62,alcohol,"Farmacias Benavides"," No se encontro dato"," No se encontro dato"," NULL","05/07/2020 09:28:15","05/07/2020 09:28:45"
63,"jabón en barra","Farmacias del Ahorro"," Jabon En Barra Dove Leche De Coco 135 Gr"," Disfruta de los efectos de humectantes y suavizantes de nuestra deliciosa Barra de Belleza DOVE Coconut Milk."," 38.00","05/07/2020 09:29:29","05/07/2020 09:30:11"
64,"jabón en barra","Farmacias San Pablo"," HUGGIES JABÓN EN BARRA HIPOALERGÉNICO CUIDADO RELAJANTE"," 80 G Caja"," 17.00 ","05/07/2020 09:31:05","05/07/2020 09:32:04"
65,"jabón en barra",Chedraui," "," No se encontro dato"," NULL","05/07/2020 09:33:06","05/07/2020 09:33:53"
66,"jabón en barra",Sanborns," No se encontro dato"," No se encontro dato",NULL,"05/07/2020 09:34:53","05/07/2020 09:35:16"
67,penicilina,"Farmacias del Ahorro"," Marca Del Ahorro Bencilpenicilina Proc/crista 400000ui"," Farmacias del Ahorro bencilpenicilina proc/crista 400000ui"," 44.00","05/07/2020 09:46:00","05/07/2020 09:46:36"
68,penicilina,"Farmacias San Pablo"," RESPICIL INFANTIL INYECCIÓN 1 PIEZA FRASCO ÁMPULA"," Penicilina g procaínica 225000 UI Penicilina g sódica 75000 UI Metamizol sódico 200 MG"," 96.00 ","05/07/2020 09:47:34","05/07/2020 09:48:19"
69,penicilina,Chedraui," Gi Supramed Bencilpenicilina 2 amp 2 ml"," Gi Supramed Bencilpenicilina 2 amp 2 ml"," 21.00","05/07/2020 09:49:30","05/07/2020 09:50:30"
70,penicilina,Sanborns," No se encontro dato"," No se encontro dato",NULL,"05/07/2020 09:51:33","05/07/2020 09:52:27"
71,penicilina,"Farmacias Similares"," No se encontro dato"," No se encontro dato",NULL,"05/07/2020 09:53:06","05/07/2020 09:53:49"
72,penicilina,"Farmacias Guadalajara","No se encontro dato","No se encontro dato",NULL,"05/07/2020 09:54:31","05/07/2020 09:54:52"
73,penicilina,"Farmacias Benavides"," No se encontro dato"," No se encontro dato"," NULL","05/07/2020 09:56:38","05/07/2020 09:57:08"
74,alcohol,"Farmacias del Ahorro"," No se encontro dato"," No se encontro dato"," NULL","05/07/2020 09:58:09","05/07/2020 09:58:31"
75,alcohol,"Farmacias San Pablo"," MIYAKO ALCOHOL DESNATURALIZADO"," 500 ML Botella"," 49.00 ","05/07/2020 09:59:24","05/07/2020 10:00:33"
76,alcohol,Chedraui," Alcohol Black Diamond 250Ml Gel"," Alcohol Black Diamon De Fuegos Alcohol Gel 250 Ml"," 37.00","05/07/2020 10:01:42","05/07/2020 10:02:32"
77,alcohol,Sanborns," El alcohol y la nostalgia"," Una historia de amor entre tres amigos ambientada en los dudosos escenarios de las primeras décadas de la URSS. «En la vida hay manos que uno no deja jamás, que uno quisiera sostener hasta el final, hasta que acabara el trayecto; también hay trenes cuyo ritmo te embriaga como el más fuerte y más nostálgico de los alcoholes.» Mathias Enard Una llamada en plena noche interrumpe el sueño de Mathias. Es Jeanne, que le informa de la muerte de Vladímir. Esa misma noche, Mathias parte hacia Moscú para",129.00,"05/07/2020 10:03:48","05/07/2020 10:04:56"
78,alcohol,"Farmacias Similares"," ALCOHOL POLIVINILICO SOLUCION OFTALMICA"," Presentación: SOLUCION OFTALMICA 10ML",NULL,"05/07/2020 10:05:43","05/07/2020 10:07:14"
79,alcohol,"Farmacias Guadalajara","No se encontro dato","No se encontro dato"," NULL","05/07/2020 10:07:54","05/07/2020 10:08:19"
80,alcohol,"Farmacias Benavides"," No se encontro dato"," No se encontro dato"," NULL","05/07/2020 10:09:29","05/07/2020 10:09:59"
81,"jabón en barra","Farmacias del Ahorro"," Jabon En Barra Dove Leche De Coco 135 Gr"," Disfruta de los efectos de humectantes y suavizantes de nuestra deliciosa Barra de Belleza DOVE Coconut Milk."," 38.00","05/07/2020 10:10:39","05/07/2020 10:11:14"
82,"jabón en barra","Farmacias San Pablo"," HUGGIES JABÓN EN BARRA HIPOALERGÉNICO CUIDADO RELAJANTE"," 80 G Caja"," 17.00 ","05/07/2020 10:12:18","05/07/2020 10:13:27"
83,"jabón en barra",Chedraui," Jabón en Barra Líquido Pinol 1 L"," Jabón en Barra Líquido Pinol 1 L"," 18.50","05/07/2020 10:14:24","05/07/2020 10:15:06"
84,"jabón en barra",Sanborns," Mustela Jabón en barra Facial y Corporal para Piel Normal de 100gr"," Jabón en Barra Nutriprotector al Cold Cream para cara y cuerpo que nutre la piel, compensando los efectos desecantes del baño.",61.00,"05/07/2020 10:16:17","05/07/2020 10:17:04"
85,"jabón en barra","Farmacias Similares"," No se encontro dato"," No se encontro dato",NULL,"05/07/2020 10:17:43","05/07/2020 10:18:16"
86,"jabón en barra","Farmacias Guadalajara","No se encontro dato","No se encontro dato"," NULL","05/07/2020 10:18:53","05/07/2020 10:19:18"
87,"jabón en barra","Farmacias Benavides"," No se encontro dato"," No se encontro dato"," NULL","05/07/2020 10:20:27","05/07/2020 10:20:57"
88,antibacterial,"Farmacias del Ahorro"," G AHORRO GEL ANTIBACTERIAL 60 ML"," GEL ANTIBACTERIAL"," 11.00","05/07/2020 10:21:36","05/07/2020 10:22:06"
89,antibacterial,"Farmacias San Pablo"," No se encontro dato"," No se encontro dato"," NULL","05/07/2020 10:22:55","05/07/2020 10:23:28"
90,antibacterial,Chedraui," Fibra Virutex Spunita Antibacterial"," Fibra Virutex Spunita Antibacterial"," 18.70","05/07/2020 10:24:30","05/07/2020 10:25:17"
91,antibacterial,Sanborns," Walfort Spray Antibacterial 150ml"," Walfort Spray Antibacterial 150ml.",110.00,"05/07/2020 10:26:12","05/07/2020 10:27:19"
92,antibacterial,"Farmacias Similares"," GEL ANTIBACTERIAL"," Presentación: GEL 60ML",NULL,"05/07/2020 10:27:58","05/07/2020 10:29:08"
93,antibacterial,"Farmacias Guadalajara","No se encontro dato","No se encontro dato"," NULL","05/07/2020 10:29:45","05/07/2020 10:30:11"
94,antibacterial,"Farmacias Benavides"," No se encontro dato"," No se encontro dato"," NULL","05/07/2020 10:31:18","05/07/2020 10:31:47"
95,singulair,"Farmacias del Ahorro"," Singulair 10 Mg. Oral 30"," Singulair 10 Mg. Oral 30"," 1265.00","05/07/2020 10:32:25","05/07/2020 10:32:56"
96,singulair,"Farmacias San Pablo"," SINGULAIR 30 COMPRIMIDOS CAJA"," Montelukast 10 MG"," 1272.00 ","05/07/2020 10:33:42","05/07/2020 10:34:27"
97,singulair,Chedraui," Singulair 10Mg X 30 Tabs"," Singulair 10 Mg 30 Tab"," 1010.00","05/07/2020 10:35:25","05/07/2020 10:36:03"
98,singulair,Sanborns," No se encontro dato"," No se encontro dato",NULL,"05/07/2020 10:36:56","05/07/2020 10:37:45"
99,singulair,"Farmacias Similares"," No se encontro dato"," No se encontro dato",NULL,"05/07/2020 10:38:24","05/07/2020 10:39:28"
100,singulair,"Farmacias Guadalajara","No se encontro dato","No se encontro dato"," NULL","05/07/2020 10:40:06","05/07/2020 10:40:31"
101,singulair,"Farmacias Benavides"," No se encontro dato"," No se encontro dato"," NULL","05/07/2020 10:41:39","05/07/2020 10:42:09"
102,contumax,"Farmacias del Ahorro"," Contumax 17 Gr Con 15 Sobres"," Laxante"," 294.00","05/07/2020 10:42:47","05/07/2020 10:43:16"
103,contumax,"Farmacias San Pablo"," CONTUMAX POLVO 15 SOBRES CAJA"," Macrogol 17 G"," 291.00 ","05/07/2020 10:44:03","05/07/2020 10:44:49"
104,contumax,Chedraui," Contumax Pvo 255 G"," Contumax Pvo 255 G"," 305.00","05/07/2020 10:45:45","05/07/2020 10:46:27"
105,contumax,Sanborns," No se encontro dato"," No se encontro dato",NULL,"05/07/2020 10:47:20","05/07/2020 10:48:03"
106,contumax,"Farmacias Similares"," No se encontro dato"," No se encontro dato",NULL,"05/07/2020 10:48:40","05/07/2020 10:49:43"
107,contumax,"Farmacias Guadalajara","No se encontro dato","No se encontro dato"," NULL","05/07/2020 10:50:24","05/07/2020 10:50:48"
108,contumax,"Farmacias Benavides"," No se encontro dato"," No se encontro dato"," NULL","05/07/2020 10:51:55","05/07/2020 10:52:24"
109,azitrocin,"Farmacias del Ahorro"," Azitrocin 500 Mg. Oral 3 Tabletas "," Azitrocin 500 Mg. Oral 3 Tabletas"," 559.50","05/07/2020 10:53:05","05/07/2020 10:53:28"
110,azitrocin,"Farmacias San Pablo"," AZITROCIN 3 TABLETAS CAJA"," Azitromicina 500 MG"," 533.00","05/07/2020 10:54:14","05/07/2020 10:54:54"
111,azitrocin,Chedraui," Azitrocin 500Mg Tab 3 8720 1"," Azitrocin 500 Mg 3 Tab"," 559.00","05/07/2020 10:55:49","05/07/2020 10:56:29"
112,azitrocin,Sanborns," No se encontro dato"," No se encontro dato",NULL,"05/07/2020 10:57:31","05/07/2020 10:58:08"
113,azitrocin,"Farmacias Similares"," No se encontro dato"," No se encontro dato",NULL,"05/07/2020 10:58:46","05/07/2020 10:59:17"
114,azitrocin,"Farmacias Guadalajara","No se encontro dato","No se encontro dato"," NULL","05/07/2020 10:59:55","05/07/2020 11:00:19"
115,azitrocin,"Farmacias Benavides"," No se encontro dato"," No se encontro dato"," NULL","05/07/2020 11:01:25","05/07/2020 11:01:54"
116,epival,"Farmacias del Ahorro"," Epival ER 500 Mg Oral 30 Tabletas"," Principio activo: Valproato semisódico"," 850.00","05/07/2020 11:02:30","05/07/2020 11:03:01"
117,epival,"Farmacias San Pablo"," EPIVAL ER 30 TABLETAS CAJA"," Valproato semisódico 500 MG"," 905.50 ","05/07/2020 11:03:55","05/07/2020 11:04:47"
118,epival,Chedraui," Epival 500 Mg Cpr 30"," Epival 500 Mg Cpr 30"," 379.50","05/07/2020 11:05:44","05/07/2020 11:06:23"
119,epival,Sanborns," No se encontro dato"," No se encontro dato",NULL,"05/07/2020 11:07:23","05/07/2020 11:08:00"
120,epival,"Farmacias Similares"," No se encontro dato"," No se encontro dato",NULL,"05/07/2020 11:08:39","05/07/2020 11:09:10"
121,epival,"Farmacias Guadalajara","Epival 500mg 30 Tabletas","Epival 500mg 30 Tabletas"," 1122.20","05/07/2020 11:09:49","05/07/2020 11:10:29"
122,epival,"Farmacias Benavides"," No se encontro dato"," No se encontro dato"," NULL","05/07/2020 11:11:34","05/07/2020 11:12:03"
123,aspirina,"Farmacias del Ahorro"," ASPIRINA 20S"," ASPIRINA 20S"," 26.00","05/07/2020 11:12:45","05/07/2020 11:13:16"
124,aspirina,"Farmacias San Pablo"," ASPIRINA ADVANCED"," 20 Tabletas Caja Ácido acetilsalicílico 500 MG"," 52.50 ","05/07/2020 11:14:10","05/07/2020 11:15:02"
125,aspirina,Chedraui," Aspirina Infantil C60 Tab"," Aspirina Junior 60 Tab"," 46.50","05/07/2020 11:15:58","05/07/2020 11:16:40"
126,aspirina,Sanborns," Aspirinas y caramelos"," Cuando Independiente descendió a la segunda categoría del fútbol argentino, Luciano Olivera le escribió una carta a su padre muerto. Ese escrito alcanzó repercusión nacional e internacional. Ahora integra este libro, junto a otras historias personales en las que el autor emprende un emotivo paseo por su memoria, que también es la memoria de una generación de argentinos. Olivera rinde homenaje a lo agrio y a lo dulce de su pasado, recuperando anécdotas de vida, de infancia y juventud. Entre lo a",79.00,"05/07/2020 11:17:41","05/07/2020 11:18:29"
127,aspirina,"Farmacias Similares"," No se encontro dato"," No se encontro dato",NULL,"05/07/2020 11:19:07","05/07/2020 11:20:11"
128,aspirina,"Farmacias Guadalajara","No se encontro dato","No se encontro dato"," NULL","05/07/2020 11:20:49","05/07/2020 11:21:15"
129,aspirina,"Farmacias Benavides"," No se encontro dato"," No se encontro dato"," NULL","05/07/2020 11:22:21","05/07/2020 11:22:50"
130,tums,"Farmacias del Ahorro"," Pastillas Tums Menta Antiácido 75 Unidades Carbonato De Calcio 500 Mg"," Tums está indicado como un antiácido para el tratamiento de la acidez estomacal incluyendo ardor, pesadez, agruras, indigestión y malestar estomacal debido a estos síntomas."," 67.00","05/07/2020 11:23:25","05/07/2020 11:24:07"
131,tums,"Farmacias San Pablo"," TUMS MENTA"," 75 Tabletas Frasco Carbonato de calcio 500 MG"," 69.50 ","05/07/2020 11:24:59","05/07/2020 11:25:55"
132,tums,Chedraui," Pastillas Tums Menta Antiácido 75 Unidades Carbonato de Calcio 500 mg"," Tums está indicado como un antiácido para el tratamiento de la acidez estomacal incluyendo ardor, pesadez, agruras, indigestión y malestar estomacal debido a estos síntomas."," 64.00","05/07/2020 11:26:58","05/07/2020 11:27:40"
133,tums,Sanborns," Tums Menta 75 Tabletas"," Tums menta 75 tabletas. Cabonato de calcio, con el beneficio adicional de su acción antiácida. Tabletas masticables.",88.00,"05/07/2020 11:28:35","05/07/2020 11:29:28"
134,tums,"Farmacias Similares"," No se encontro dato"," No se encontro dato",NULL,"05/07/2020 11:30:04","05/07/2020 11:30:35"
135,tums,"Farmacias Guadalajara","No se encontro dato","No se encontro dato"," NULL","05/07/2020 11:31:17","05/07/2020 11:31:37"
136,tums,"Farmacias Benavides"," No se encontro dato"," No se encontro dato"," NULL","05/07/2020 11:32:44","05/07/2020 11:33:14"
137,"pepto bismol","Farmacias del Ahorro"," Tabletas Masticables Pepto-Bismol Cereza 24 Unidades"," Alivia acidez, indigestión, diarrea, malestar estomacal y náusea "," 80.00","05/07/2020 11:33:54","05/07/2020 11:34:29"
138,"pepto bismol","Farmacias San Pablo"," No se encontro dato"," No se encontro dato"," NULL","05/07/2020 11:35:20","05/07/2020 11:35:58"
139,"pepto bismol",Chedraui," Peptobismol Liq Original 236M"," Pepto Bismol Suspension 236 Ml"," 106.50","05/07/2020 11:36:55","05/07/2020 11:37:35"
140,"pepto bismol",Sanborns," Pepto-Bismol con 24 Tabletas"," Cubre protege y alivia eficazmente acidez, indigestión, malestar estomacal, naúseas, diarrea.",81.00,"05/07/2020 11:38:34","05/07/2020 11:39:24"
141,"pepto bismol","Farmacias Similares"," SUBSALICILATO DE BISMUTO SUSPENSION"," Presentación: SUSPENSION 120ML",NULL,"05/07/2020 11:40:02","05/07/2020 11:41:06"
142,"pepto bismol","Farmacias Guadalajara","No se encontro dato","No se encontro dato"," NULL","05/07/2020 11:41:45","05/07/2020 11:42:09"
143,"pepto bismol","Farmacias Benavides"," No se encontro dato"," No se encontro dato"," NULL","05/07/2020 11:43:16","05/07/2020 11:43:46"
144,"agua oxigenada","Farmacias del Ahorro"," Agua Oxigenada Balmen 112 Ml"," Antiséptico auxiliar en las heridas de la piel."," 10.50","05/07/2020 11:44:24","05/07/2020 11:45:08"
145,"agua oxigenada","Farmacias San Pablo"," No se encontro dato"," No se encontro dato"," NULL","05/07/2020 11:46:05","05/07/2020 11:46:43"
146,"agua oxigenada",Chedraui," Zuum Agua Oxigenada 185Ml"," Agua Oxigenada Zuum 185 Ml"," 14.50","05/07/2020 11:47:40","05/07/2020 11:48:23"
147,"agua oxigenada",Sanborns," Agua Oxigenada 100ml"," Agua oxigenada dermoclean",15.00,"05/07/2020 11:49:33","05/07/2020 11:50:39"
148,"agua oxigenada","Farmacias Similares"," No se encontro dato"," No se encontro dato",NULL,"05/07/2020 11:51:16","05/07/2020 11:51:48"
149,"agua oxigenada","Farmacias Guadalajara","No se encontro dato","No se encontro dato"," NULL","05/07/2020 11:52:26","05/07/2020 11:52:49"
150,"agua oxigenada","Farmacias Benavides"," No se encontro dato"," No se encontro dato"," NULL","05/07/2020 11:53:52","05/07/2020 11:54:22"
151,"vitamina c","Farmacias del Ahorro"," Marca Del Ahorro Vitaminas A C D 15 Ml"," Farmacias del Ahorro vitaminas a c d 15 ml"," 45.00","05/07/2020 11:55:03","05/07/2020 11:55:43"
152,"vitamina c","Farmacias San Pablo"," ADEROGYL C INFANTIL CON VITAMINA A, D Y C"," 30 ML Solución Frasco Retinol 275 MG"," 145.00 ","05/07/2020 11:56:38","05/07/2020 11:57:38"
153,"vitamina c",Chedraui," Vitamina C Solanum 45 Caps"," Vitamina C Solanum 45 Caps"," 99.00","05/07/2020 11:58:35","05/07/2020 11:59:17"
154,"vitamina c",Sanborns," Ampollas con Vitamina C Babaria"," Las Ampollas de Vitamina C aportan luminosidad a la piel, la hidratan y mejoran su textura, a la vez que previenen el envejecimiento prematuro, gracias a su efecto antioxidante y propiedades anti radicales libres. Pueden emplearse como producto flash o como tratamiento de choque. La vitamina C tiene un papel importante en la formación del colágeno natural en la piel. Por su parte, los proteoglicanos actúan manteniendo una hidratación profunda, por lo que contribuyen a reparar una piel deshidratada, desvitalizada y apagada. Testado Dermatológicamente.",215.00,"05/07/2020 12:00:19","05/07/2020 12:01:15"
155,"vitamina c","Farmacias Similares"," ACIDO ASCORBICO POLVO EFERVESCENTE SABOR MANDARINA"," Presentación: 10 SOBRES C/ POLVO EFERV",NULL,"05/07/2020 12:01:52","05/07/2020 12:02:56"
156,"vitamina c","Farmacias Guadalajara","No se encontro dato","No se encontro dato"," NULL","05/07/2020 12:03:33","05/07/2020 12:03:58"
157,"vitamina c","Farmacias Benavides"," No se encontro dato"," No se encontro dato"," NULL","05/07/2020 12:05:00","05/07/2020 12:05:30"
158,"vitamina b 12","Farmacias del Ahorro"," Marca Del Ahorro Vitaminas A C D 15 Ml"," Farmacias del Ahorro vitaminas a c d 15 ml"," 45.00","05/07/2020 12:06:05","05/07/2020 12:06:36"
159,"vitamina b 12","Farmacias San Pablo"," TIAMINAL B12 TRIVALENTE AP 30 CÁPSULAS CAJA"," Vitamina b12 hidroxocobalamina 250 MCG Vitamina b1 tiamina 100 MG Clorhidrato de piridoxina 50 MG"," 287.00 ","05/07/2020 12:07:29","05/07/2020 12:08:29"
160,"vitamina b 12",Chedraui," Rosa 12 tallos"," Rosa 12 tallos"," 116.50","05/07/2020 12:09:35","05/07/2020 12:10:32"
161,"vitamina b 12",Sanborns," Vitamina E"," Protege al organismo contra los efectos del envejecimiento eliminando los radicales libres. Aceite de germen de trigo adicionada con vitamina E.",124.00,"05/07/2020 12:11:33","05/07/2020 12:12:28"
162,"vitamina b 12","Farmacias Similares"," No se encontro dato"," No se encontro dato",NULL,"05/07/2020 12:13:05","05/07/2020 12:13:36"
163,"vitamina b 12","Farmacias Guadalajara","No se encontro dato","No se encontro dato"," NULL","05/07/2020 12:14:13","05/07/2020 12:14:36"
164,"vitamina b 12","Farmacias Benavides"," No se encontro dato"," No se encontro dato"," NULL","05/07/2020 12:16:33","05/07/2020 12:17:02"
165,enterogermina,"Farmacias del Ahorro"," Enterogermina Probioticos 4 Billones 10 Ampolletas Oral 5 Ml"," Enterogermina es un probiotico que restaura el equilibrio de la flora intestinal, alterado por diarrea, infecciones intestinales, intoxicaciones, trastornos de la dieta, quimioterapia, y uso de antibioticos. Contribuye a una adecuada absorción de nutrientes."," 327.00","05/07/2020 12:17:45","05/07/2020 12:18:23"
166,enterogermina,"Farmacias San Pablo"," ENTEROGERMINA SUSPENSION 5ML"," 20 Ampolletas Caja Bacillus clausii 2000000000 UFC"," 332.00 ","05/07/2020 12:19:12","05/07/2020 12:19:56"
167,enterogermina,Chedraui," Enterogermina 2Billoralamp20X"," Enterogermina 5Ml 20 Amp 5 Ml"," 320.00","05/07/2020 12:20:57","05/07/2020 12:21:39"
168,enterogermina,Sanborns," No se encontro dato"," No se encontro dato",NULL,"05/07/2020 12:22:55","05/07/2020 12:23:32"
169,enterogermina,"Farmacias Similares"," No se encontro dato"," No se encontro dato",NULL,"05/07/2020 12:24:12","05/07/2020 12:24:44"
170,enterogermina,"Farmacias Guadalajara","No se encontro dato","No se encontro dato"," NULL","05/07/2020 12:25:22","05/07/2020 12:25:46"
171,enterogermina,"Farmacias Benavides"," No se encontro dato"," No se encontro dato"," NULL","05/07/2020 12:26:43","05/07/2020 12:27:13"
172,"alka seltzer","Farmacias del Ahorro"," No se encontro dato"," No se encontro dato"," NULL","05/07/2020 12:27:58","05/07/2020 12:28:21"
173,"alka seltzer","Farmacias San Pablo"," No se encontro dato"," No se encontro dato"," NULL","05/07/2020 12:29:15","05/07/2020 12:29:55"
174,"alka seltzer",Chedraui," Alka Seltzer Tab 12 1"," Alka Seltzer 12 Tab Efervecentes"," 29.00","05/07/2020 12:30:53","05/07/2020 12:31:32"
175,"alka seltzer",Sanborns," Alka-Seltzer"," Alka-seltzer, rápido y efectivo alivio, malestar estomacal, acidez, agruras, indigestión, dolor de cabeza.",32.00,"05/07/2020 12:32:38","05/07/2020 12:33:27"
176,"alka seltzer","Farmacias Similares"," No se encontro dato"," No se encontro dato",NULL,"05/07/2020 12:34:06","05/07/2020 12:34:37"
177,"alka seltzer","Farmacias Guadalajara","No se encontro dato","No se encontro dato"," NULL","05/07/2020 12:35:16","05/07/2020 12:35:41"
178,"alka seltzer","Farmacias Benavides"," No se encontro dato"," No se encontro dato"," NULL","05/07/2020 12:36:47","05/07/2020 12:37:16"
179,mpoi0n753,"Farmacias del Ahorro"," No se encontro dato"," No se encontro dato",NULL,"05/07/2020 12:37:54","05/07/2020 12:38:07"
180,mpoi0n753,"Farmacias San Pablo"," RECOVERÓN N 40 G UNGÜENTO TUBO"," Acexamato de sodio 5 G Neomicina 0.4 G"," 329.50 ","05/07/2020 12:38:59","05/07/2020 12:39:56"
181,mpoi0n753,Chedraui," Refrigerador Mabe RMS1951VMXE0/IVMRE0 19"," Refrigerador Mabe RMS1951VMXE0/RMS510IVMRE0 19 P3 Color Acero"," 10825.00","05/07/2020 12:40:57","05/07/2020 12:41:36"
182,mpoi0n753,Sanborns," No se encontro dato"," No se encontro dato",NULL,"05/07/2020 12:42:31","05/07/2020 12:43:23"
183,mpoi0n753,"Farmacias Similares"," No se encontro dato"," No se encontro dato",NULL,"05/07/2020 12:44:01","05/07/2020 12:44:32"
184,mpoi0n753,"Farmacias Guadalajara","No se encontro dato","No se encontro dato"," NULL","05/07/2020 12:45:08","05/07/2020 12:45:34"
185,mpoi0n753,"Farmacias Benavides"," No se encontro dato"," No se encontro dato"," NULL","05/07/2020 12:46:36","05/07/2020 12:47:06"
186,sinuberace,"Farmacias del Ahorro"," No se encontro dato"," No se encontro dato",NULL,"05/07/2020 12:47:44","05/07/2020 12:47:54"
187,sinuberace,"Farmacias San Pablo"," No se encontro dato"," No se encontro dato"," NULL","05/07/2020 12:48:47","05/07/2020 12:49:21"
188,sinuberace,Chedraui," Sinuberase Cpr C48"," Sinuberase Cpr C48"," 156.50","05/07/2020 12:50:24","05/07/2020 12:51:14"
189,sinuberace,Sanborns," No se encontro dato"," No se encontro dato",NULL,"05/07/2020 12:52:07","05/07/2020 12:52:47"
190,sinuberace,"Farmacias Similares"," No se encontro dato"," No se encontro dato",NULL,"05/07/2020 12:53:24","05/07/2020 12:53:56"
191,sinuberace,"Farmacias Guadalajara","No se encontro dato","No se encontro dato"," NULL","05/07/2020 12:54:32","05/07/2020 12:54:57"
192,sinuberace,"Farmacias Benavides"," No se encontro dato"," No se encontro dato"," NULL","05/07/2020 12:56:01","05/07/2020 12:56:30"
193,vermox,"Farmacias del Ahorro"," Vermox 1 Dia 60 Mg Oral 10 Ml"," Acaba con parasitos intestinales"," 89.00","05/07/2020 12:57:06","05/07/2020 12:57:35"
194,vermox,"Farmacias San Pablo"," VERMOX PLUS"," 2 Tabletas Caja Mebendazol 300 MG"," 87.50","05/07/2020 12:58:27","05/07/2020 12:59:12"
195,vermox,Chedraui," Vermox 100 Mg Tab 6 4"," Vermox 100 Mg 6 Tab"," 85.00","05/07/2020 13:00:08","05/07/2020 13:00:46"
196,vermox,Sanborns," Vermox Plus"," Vermox plus. Elimina "Amibas + Lombrices" en 1 toma, en 1 día. Caja con dos tabletas. Adultos y niños mayores de 10 años.",119.00,"05/07/2020 13:01:56","05/07/2020 13:02:41"
197,vermox,"Farmacias Similares"," No se encontro dato"," No se encontro dato",NULL,"05/07/2020 13:03:20","05/07/2020 13:04:25"
198,vermox,"Farmacias Guadalajara","No se encontro dato","No se encontro dato"," NULL","05/07/2020 13:05:03","05/07/2020 13:05:29"
199,vermox,"Farmacias Benavides"," No se encontro dato"," No se encontro dato"," NULL","05/07/2020 13:06:41","05/07/2020 13:07:10"
200,genoprazol,"Farmacias del Ahorro"," Genoprazol Exceso 20 Mg 14 Capsulas"," Síntomas relacionados con los trastornos ácido-pépticos."," 34.90","05/07/2020 13:07:48","05/07/2020 13:08:35"
201,genoprazol,"Farmacias San Pablo"," GENOPRAZOL"," 14 Cápsulas Caja Omeprazol 20 MG"," 34.50","05/07/2020 13:09:30","05/07/2020 13:10:29"
202,genoprazol,Chedraui," Genoprazol 7 Caps"," Genoprazol 7 Caps"," 44.90","05/07/2020 13:11:53","05/07/2020 13:13:11"
203,genoprazol,Sanborns," GENOPRAZOL"," Tratamiento de los síntomas relacionados con trastornos ácido-pépticos como la gastritis, agruras, reflujo y acidez debido a la producción excesiva de ácido.",45.00,"05/07/2020 13:14:28","05/07/2020 13:15:32"
204,genoprazol,"Farmacias Similares"," No se encontro dato"," No se encontro dato",NULL,"05/07/2020 13:16:16","05/07/2020 13:16:52"
205,genoprazol,"Farmacias Guadalajara","Genoprazol 14 Cápsulas 10 pzas","Tratamiento de los Síntomas Relacionados con Trastornos Ácido-Pépticos como la Gastritis, Agruras, Reflujo y Acidez debido a la Producción Excesiva de Ácido"," 39.90","05/07/2020 13:17:56","05/07/2020 13:18:55"
206,genoprazol,"Farmacias Benavides"," No se encontro dato"," No se encontro dato"," NULL","05/07/2020 13:20:22","05/07/2020 13:20:52"
207,riopan,"Farmacias del Ahorro"," Riopan Gel Oral 10 Sobres"," Riopan Gel Oral 10 Sobres"," 89.00","05/07/2020 13:21:52","05/07/2020 13:22:47"
208,riopan,"Farmacias San Pablo"," No se encontro dato"," No se encontro dato"," NULL","05/07/2020 13:24:08","05/07/2020 13:25:08"
209,riopan,Chedraui," Riopan Gel Susp 250Ml 1"," Riopan Gel 250 Ml"," 190.00","05/07/2020 13:26:17","05/07/2020 13:27:09"
210,riopan,Sanborns," No se encontro dato"," No se encontro dato",NULL,"05/07/2020 13:29:32","05/07/2020 13:31:41"
211,riopan,"Farmacias Similares"," No se encontro dato"," No se encontro dato",NULL,"05/07/2020 13:32:46","05/07/2020 13:34:31"
212,riopan,"Farmacias Guadalajara","No se encontro dato","No se encontro dato"," NULL","05/07/2020 13:35:31","05/07/2020 13:36:04"
213,riopan,"Farmacias Benavides"," No se encontro dato"," No se encontro dato"," NULL","05/07/2020 13:38:07","05/07/2020 13:38:36"
214,oximetro,"Farmacias del Ahorro"," No se encontro dato"," No se encontro dato",NULL,"05/07/2020 13:39:48","05/07/2020 13:39:58"
215,oximetro,"Farmacias San Pablo"," No se encontro dato"," No se encontro dato"," NULL","05/07/2020 13:42:32","05/07/2020 13:43:05"
216,oximetro,Chedraui," No se encontro dato"," No se encontro dato",NULL,"05/07/2020 13:44:25","05/07/2020 13:44:51"
217,oximetro,Sanborns," Oxímetro De Pulso Choicemmed"," Equipo para medir la saturación del oxígeno en la sangre y las pulsaciones del corazón a través del dedo. SpO2 y Pulso pueden mostrarse correctamente en condiciones de perfusión baja. Se puede utilizar en la Casa, Hospital, Clínicas, Cirugías, Cuidados Intensivos, Rehabilitación deportiva, odontología, antes o después de realizar Deporte. Características: Fácil acceso y fácil funcionamiento con solo un botón. Pequeño y Liviano. Gran sensibilidad y exactitud. Display de SpO2, PR, y Barra de Pulso. Bajo consumo de energía. Hasta 30 horas de uso continuo. Alarma visual para batería baja. Apagado automático si no hay señal. Rango de uso: Desde 8 años en adelante aproximadamente. Incluye: Dos pilas tipo AAA. Manual de operaciones, Correa de transporte, Bolso de transporte y funda de silicona Rango de medición SpO2: 70-99% Rango de medición PR: 30-235 BPM Resolución: Saturación +-1%; pulso +-1 BPM Saturación: 70%-99% +-2%; Pulso: 30-99 bpm +-2 bpm; 100-235 +-2 % Aprobado por FDA y CE.pm",1085.00,"05/07/2020 13:45:59","05/07/2020 13:47:11"
218,oximetro,"Farmacias Similares"," No se encontro dato"," No se encontro dato",NULL,"05/07/2020 13:48:03","05/07/2020 13:48:47"
219,oximetro,"Farmacias Guadalajara","No se encontro dato","No se encontro dato",NULL,"05/07/2020 13:49:59","05/07/2020 13:50:57"
220,oximetro,"Farmacias Benavides"," No se encontro dato"," No se encontro dato"," NULL","05/07/2020 13:52:04","05/07/2020 13:52:35"
221,penicilina,"Farmacias del Ahorro"," Marca Del Ahorro Bencilpenicilina Proc/crista 400000ui"," Farmacias del Ahorro bencilpenicilina proc/crista 400000ui"," 44.00","05/07/2020 14:11:11","05/07/2020 14:12:22"
222,"gel antibacterial","Farmacias del Ahorro"," No se encontro dato"," No se encontro dato",NULL,"05/07/2020 14:25:39","05/07/2020 14:26:09"
223,"gel antibacterial","Farmacias del Ahorro"," G AHORRO GEL ANTIBACTERIAL 60 ML"," GEL ANTIBACTERIAL"," 11.00","05/07/2020 14:33:48","05/07/2020 14:35:02"
224,"gel antibacterial","Farmacias San Pablo"," No se encontro dato"," No se encontro dato"," NULL","05/07/2020 14:40:50","05/07/2020 14:43:29"
225,"gel antibacterial",Chedraui," Gel Antibacterial Dial 500 Gr"," Gel Antibacterial Dial 500 Gr"," 70.00","05/07/2020 14:45:45","05/07/2020 14:48:15"
226,"gel antibacterial",Sanborns," Gel Antibacterial Walfort"," Práctico Gel Antibacterial con envase de bolsillo. Mata el 99.9% de gérmenes.",34.00,"05/07/2020 14:50:09","05/07/2020 14:51:58"
227,"gel antibacterial","Farmacias Similares"," GEL ANTIBACTERIAL"," Presentación: GEL 60ML",NULL,"05/07/2020 14:53:13","05/07/2020 14:54:31"
228,"gel antibacterial","Farmacias Guadalajara","Gel Antibacterial Insta Clear Protect para Manos, 500 ml.","Gel antibacterial Insta Clear Protect para manos, con acción antibacterial, coadyuvante en la eliminación de gérmenes. Envase con 500 mililitros."," 78.00","05/07/2020 14:55:35","05/07/2020 14:56:58"
229,"gel antibacterial","Farmacias Benavides"," No se encontro dato"," No se encontro dato"," NULL","05/07/2020 14:58:36","05/07/2020 14:59:07"
230,termómetro,"Farmacias del Ahorro"," No se encontro dato"," No se encontro dato",NULL,"05/07/2020 15:02:10","05/07/2020 15:02:45"
231,termómetro,"Farmacias San Pablo"," CUSTOM TERMÓMETRO DIGITAL CON ALARMA"," 1 Pieza Caja"," 126.00 ","05/07/2020 15:04:26","05/07/2020 15:05:47"
232,termómetro,Chedraui," "," No se encontro dato"," NULL","05/07/2020 15:07:17","05/07/2020 15:08:28"
233,termómetro,Sanborns," Termómetro Flexible Vitallys VDT-3D"," Práctico y efectivo termómetro digital, calcula la temperatura corporal exacta. Flexible Ultra rápido, lectura en 10 segundos Memoria de última lectura Alarma de fiebre Pantalla grande de fácil lectura Resistente al agua Medición en C° y F°",95.00,"05/07/2020 15:12:24","05/07/2020 15:15:09"
234,termómetro,"Farmacias Similares"," No se encontro dato"," No se encontro dato",NULL,"05/07/2020 15:16:39","05/07/2020 15:17:42"
235,termómetro,"Farmacias Guadalajara","TermoFlu Termómetro Clínico Prismático, 1pz","TermoFlu Termómetro Clínico Prismático, 1pz"," 40.30","05/07/2020 15:19:01","05/07/2020 15:20:50"
236,termómetro,"Farmacias Benavides"," No se encontro dato"," No se encontro dato"," NULL","05/07/2020 15:22:56","05/07/2020 15:23:30"
237,cubrebocas,"Farmacias del Ahorro"," Cubrebocas LUJO C/10 DAMACO"," Sirve para cuando esta uno enfermo no trasmita microbios, para las enfermeras y doctores para atender, operar y hacer curaciones y no contaminen al paciente."," 59.00","05/07/2020 15:24:48","05/07/2020 15:26:11"
238,cubrebocas,"Farmacias San Pablo"," CARE BICAPAS CUBREBOCAS DE 2 CAPAS"," 50 Piezas Bolsa"," 424.00 ","05/07/2020 15:28:59","05/07/2020 15:31:22"
239,cubrebocas,Chedraui," Cubrebocas Zuum 10 Piezas"," Cubrebocas Zuum 10 Piezas"," 12.50","05/07/2020 15:33:05","05/07/2020 15:34:35"
240,cubrebocas,Sanborns," Cubrebocas Textil Negro"," Cubrebocas: Máscara de tela confeccionada en fibras 50% algodón/50% poliéster de material durable, en color negro, ayuda a proteger al usuario contra partículas y bacterias que se encuentran en el aire.",29.00,"05/07/2020 15:37:08","05/07/2020 15:39:54"
241,cubrebocas,"Farmacias Similares"," No se encontro dato"," No se encontro dato",NULL,"05/07/2020 15:40:41","05/07/2020 15:41:14"
242,cubrebocas,"Farmacias Guadalajara","No se encontro dato","No se encontro dato"," NULL","05/07/2020 15:41:57","05/07/2020 15:42:28"
243,cubrebocas,"Farmacias Benavides"," No se encontro dato"," No se encontro dato"," NULL","05/07/2020 15:43:46","05/07/2020 15:44:15"
244,"jarabe para la tos","Farmacias del Ahorro"," Vick 44 Jarabe Todo Tipo De Tos 120 Ml"," El jarabe para la tos VICK 44® contiene un antitusígeno que ayuda a controlar la tos (Bromhidrato de Dextrometorfano) y un expectorante (Guaifenesina) que permite expulsar las flemas. Adicionalmente, el jarabe cuenta con una tecnología mucoadhesiva que permite que se adhiera a la garganta irritada, dejando una capa protectora para brindar una sensación de alivio y frescura. "," 130.00","05/07/2020 15:44:56","05/07/2020 15:45:45"
245,"jarabe para la tos","Farmacias San Pablo"," ASPECTON KM DUOPACK DE JARABE DE HEDERA HELIX PARA LA TOS"," 2 Piezas Paquete Hedera helix 0.8 G"," 259.00 ","05/07/2020 15:47:02","05/07/2020 15:48:17"
246,"jarabe para la tos",Chedraui," Jarabe Tos Infantil Tukol-D 125ml"," Jarabe Tos Infantil Tukol-D 125ml"," 76.50","05/07/2020 15:49:26","05/07/2020 15:50:45"
247,"jarabe para la tos",Sanborns," Benadryl Jarabe"," Alivio efectivo para los síntomas de alergias.",113.00,"05/07/2020 15:52:40","05/07/2020 15:56:44"
248,"jarabe para la tos","Farmacias Similares"," No se encontro dato"," No se encontro dato",NULL,"05/07/2020 15:58:11","05/07/2020 16:02:52"
249,cubrebocas,"Farmacias del Ahorro"," Cubrebocas LUJO C/10 DAMACO"," Sirve para cuando esta uno enfermo no trasmita microbios, para las enfermeras y doctores para atender, operar y hacer curaciones y no contaminen al paciente."," 59.00","05/07/2020 16:45:15","05/07/2020 16:46:23"
250,cubrebocas,"Farmacias San Pablo"," CARE BICAPAS CUBREBOCAS DE 2 CAPAS"," 50 Piezas Bolsa"," 424.00 ","05/07/2020 16:51:16","05/07/2020 16:54:11"
251,cubrebocas,Chedraui," Cubrebocas Zuum 10 Piezas"," Cubrebocas Zuum 10 Piezas"," 12.50","05/07/2020 16:56:27","05/07/2020 16:59:17"
252,cubrebocas,Sanborns," Cubrebocas Textil Negro"," Cubrebocas: Máscara de tela confeccionada en fibras 50% algodón/50% poliéster de material durable, en color negro, ayuda a proteger al usuario contra partículas y bacterias que se encuentran en el aire.",29.00,"05/07/2020 17:02:50","05/07/2020 17:04:47"
253,cubrebocas,"Farmacias Similares"," CUBREBOCAS TRIPLE PLIEGUE INFANTIL"," Presentación: PAQUETE 5 PIEZAS",NULL,"05/07/2020 17:07:11","05/07/2020 17:08:49"
254,cubrebocas,"Farmacias Guadalajara","Cubrebocas Plisado Curapack 10 pzas. Blanco","Cubrebocas Plisado Curapack 10 pzas. Blanco"," 110.00","05/07/2020 17:10:33","05/07/2020 17:12:41"
255,cubrebocas,"Farmacias Benavides"," No se encontro dato"," No se encontro dato"," NULL","05/07/2020 17:15:32","05/07/2020 17:16:05"
